,drift_score,is_drifted
sensor_28,0.8380329914604003,1
sensor_58,0.8330692529361794,1
sensor_440,0.8189013724215262,1
sensor_169,0.8111041978898961,1
sensor_393,0.7973190485414622,1
sensor_304,0.7865899422316663,1
sensor_571,0.7765695689556582,1
sensor_542,0.7681105993917149,1
sensor_132,0.7546194199972756,1
sensor_79,0.7394899529283658,1
sensor_316,0.7336009730218527,1
sensor_527,0.7303256046482328,1
sensor_255,0.7278504047987057,1
sensor_543,0.7041328070967852,1
sensor_56,0.703279708347946,1
sensor_78,0.6964585834444053,1
sensor_417,0.6810234375577052,1
sensor_548,0.6792971027372426,1
sensor_70,0.6630706714234688,1
sensor_319,0.6604543105755896,1
sensor_46,0.6541817836598409,1
sensor_480,0.6480116330849698,1
sensor_66,0.6382087915610561,1
sensor_545,0.6360921156062531,1
sensor_455,0.6271277036599169,1
sensor_279,0.6238816355932115,1
sensor_144,0.6168165376566348,1
sensor_274,0.6110409223098465,1
sensor_170,0.6080765573424931,1
sensor_180,0.6052368481788251,1
sensor_441,0.6031571594267374,0
sensor_139,0.602261535067171,0
sensor_183,0.5988983813862333,0
sensor_45,0.5819266057959154,0
sensor_452,0.5815304088331762,0
sensor_318,0.5543478716429481,0
sensor_25,0.5535808613824181,0
sensor_38,0.5533714650544785,0
sensor_103,0.5492401135560244,0
sensor_71,0.5405048370456406,0
sensor_442,0.5383551313182843,0
sensor_59,0.536461592607535,0
sensor_111,0.5359452579924653,0
sensor_50,0.5359277729625972,0
sensor_31,0.5232623877588611,0
sensor_305,0.5216795566164333,0
sensor_473,0.5203535680743591,0
sensor_8,0.5175608056328843,0
sensor_474,0.5145645286013285,0
sensor_27,0.5112810512522419,0
sensor_22,0.5107469481819216,0
sensor_201,0.5077573691721399,0
sensor_171,0.5012320168387236,0
sensor_306,0.5003054727622355,0
sensor_124,0.48037031745871717,0
sensor_539,0.4697322866965451,0
sensor_62,0.46361215999778016,0
sensor_412,0.4592556123026541,0
sensor_377,0.4492014129342913,0
sensor_182,0.44532073706252007,0
sensor_11,0.4451661319662509,0
sensor_29,0.44101682323183344,0
sensor_267,0.42171757463727155,0
sensor_562,0.42128705179106596,0
sensor_80,0.4178334104125927,0
sensor_405,0.4153186962188729,0
sensor_337,0.4123282230487004,0
sensor_30,0.41054517157748205,0
sensor_555,0.40854846873080375,0
sensor_247,0.40841530555595734,0
sensor_510,0.39929815127305346,0
sensor_544,0.39364743619483744,0
sensor_476,0.38453453279692307,0
sensor_160,0.3842297550091507,0
sensor_77,0.38378475669286616,0
sensor_454,0.37146992436723125,0
sensor_295,0.3693333342992889,0
sensor_484,0.3653184293945883,0
sensor_519,0.3563432931988744,0
sensor_239,0.35470143563465617,0
sensor_355,0.3530295763490616,0
sensor_208,0.346677171959604,0
sensor_547,0.3443979416456085,0
sensor_487,0.34374357729799176,0
sensor_278,0.34189149357142906,0
sensor_433,0.3413724426091091,0
sensor_344,0.34128301043557796,0
sensor_217,0.32535278130192424,0
sensor_122,0.32336158546906324,0
sensor_181,0.3231442044261551,0
sensor_60,0.3195063814063556,0
sensor_317,0.31809400603679827,0
sensor_312,0.3163415686570379,0
sensor_72,0.3150259079393948,0
sensor_552,0.314912301119497,0
sensor_453,0.312824598609443,0
sensor_301,0.31156447698072454,0
sensor_549,0.31044427906302696,0
sensor_302,0.3102219592152207,0
sensor_83,0.3018344529582741,0
sensor_564,0.301356419200744,0
sensor_123,0.30028863717082344,0
sensor_177,0.29834638996111335,0
sensor_167,0.2980407292928947,0
sensor_448,0.2973051308720621,0
sensor_133,0.29239019337311223,0
sensor_202,0.29004008307211604,0
sensor_566,0.2887700758065212,0
sensor_353,0.28791819643697514,0
sensor_485,0.2866210915042138,0
sensor_385,0.28525217125893293,0
sensor_121,0.2830337609018327,0
sensor_431,0.28216499256365046,0
sensor_411,0.2819156585827143,0
sensor_127,0.2790628575810056,0
sensor_297,0.2755767524928504,0
sensor_383,0.2755417553729493,0
sensor_416,0.2739340624360707,0
sensor_63,0.27311090065454724,0
sensor_468,0.2724656110485861,0
sensor_245,0.27242488728118724,0
sensor_439,0.2681187853521584,0
sensor_138,0.2661139154769767,0
sensor_162,0.2637026793952493,0
sensor_143,0.2614941414882808,0
sensor_76,0.2612470305153647,0
sensor_438,0.2607521541887185,0
sensor_166,0.2589997564269233,0
sensor_113,0.2574069725329224,0
sensor_303,0.2563158152796502,0
sensor_517,0.2552298678582707,0
sensor_415,0.25408348680970866,0
sensor_48,0.25256344492035426,0
sensor_568,0.2521711432992681,0
sensor_53,0.24522956744995003,0
sensor_215,0.24367328563336849,0
sensor_168,0.24143308227238716,0
sensor_21,0.23799775700498169,0
sensor_17,0.2341256563386735,0
sensor_134,0.2280255430561683,0
sensor_280,0.22799977129820498,0
sensor_212,0.22213551089523698,0
sensor_338,0.22094937337194986,0
sensor_277,0.21892886476330461,0
sensor_142,0.2151683956034981,0
sensor_366,0.21448486200156586,0
sensor_100,0.2128905788009274,0
sensor_392,0.21159145318270772,0
sensor_82,0.21027364653687214,0
sensor_350,0.20856900668210626,0
sensor_110,0.2080838978767483,0
sensor_546,0.20456477638982634,0
sensor_14,0.2039335351077374,0
sensor_7,0.20348240974754744,0
sensor_331,0.2029136705150347,0
sensor_41,0.2025507442548245,0
sensor_128,0.19981285325405618,0
sensor_90,0.19928884912520317,0
sensor_3,0.1961024209190112,0
sensor_54,0.1956774902349772,0
sensor_92,0.19549631146619106,0
sensor_470,0.19447070944729014,0
sensor_43,0.1938565164406661,0
sensor_577,0.19114269622812477,0
sensor_112,0.1908283355162436,0
sensor_87,0.18823482499462485,0
sensor_198,0.18582490375482674,0
sensor_105,0.18436921771326056,0
sensor_6,0.18281061598120307,0
sensor_210,0.18218350520050566,0
sensor_490,0.18164861584693104,0
sensor_254,0.1804024934765759,0
sensor_2,0.18032316373433882,0
sensor_526,0.179856311505186,0
sensor_434,0.1782921857284268,0
sensor_323,0.1782274679234793,0
sensor_294,0.1778878467163893,0
sensor_173,0.17753544438252344,0
sensor_227,0.17726589607365012,0
sensor_444,0.17719942811474296,0
sensor_388,0.1769756742104636,0
sensor_86,0.17683863333360333,0
sensor_550,0.1758887129019852,0
sensor_228,0.17540656221609247,0
sensor_436,0.1749723032806026,0
sensor_175,0.17476914623924195,0
sensor_26,0.17447490237309152,0
sensor_365,0.1739364143705275,0
sensor_118,0.17375615848597248,0
sensor_115,0.17367701056873094,0
sensor_93,0.17239894644682655,0
sensor_446,0.17221108255992826,0
sensor_250,0.17144682803378677,0
sensor_348,0.17129543676691877,0
sensor_4,0.1706888710452404,0
sensor_430,0.1706691164872958,0
sensor_581,0.17009639871256452,0
sensor_459,0.16957428328620622,0
sensor_106,0.16861762207991443,0
sensor_553,0.16845695825309137,0
sensor_140,0.16833469819453975,0
sensor_275,0.16832852765581519,0
sensor_159,0.16665062560564398,0
sensor_40,0.16573702009112085,0
sensor_299,0.16532216620553142,0
sensor_435,0.1639052376124915,0
sensor_357,0.16306931152423898,0
sensor_556,0.16024172104878337,0
sensor_164,0.15961037895223287,0
sensor_213,0.15878278082135172,0
sensor_351,0.15874288539224848,0
sensor_288,0.15833207649611172,0
sensor_572,0.15717557935113055,0
sensor_187,0.15663557638094544,0
sensor_129,0.1561130284048784,0
sensor_569,0.15300995462638564,0
sensor_460,0.1516593820503655,0
sensor_108,0.15158757437930814,0
sensor_334,0.15124876643990295,0
sensor_89,0.1504380870184377,0
sensor_426,0.15027579647275457,0
sensor_443,0.14661637081112017,0
sensor_153,0.14622662700676953,0
sensor_308,0.14547462122534235,0
sensor_491,0.14453563778594197,0
sensor_574,0.14344189508228752,0
sensor_522,0.14290788504491714,0
sensor_391,0.14285877477100067,0
sensor_174,0.14133092086684024,0
sensor_172,0.14116721345412256,0
sensor_205,0.14080543785407046,0
sensor_282,0.13998053301660723,0
sensor_354,0.13972488769737015,0
sensor_576,0.1389139683176455,0
sensor_437,0.1385691860802854,0
sensor_445,0.13836229190303434,0
sensor_218,0.13704644588698492,0
sensor_219,0.13678405414366152,0
sensor_195,0.1365988567452011,0
sensor_24,0.1351435654402402,0
sensor_346,0.13513569719009177,0
sensor_96,0.13422925518775802,0
sensor_147,0.13334027018330702,0
sensor_270,0.13303074442954446,0
sensor_356,0.1328614396991839,0
sensor_61,0.1326663034057175,0
sensor_211,0.13256787266637066,0
sensor_296,0.13248363248022815,0
sensor_10,0.13206189633813403,0
sensor_554,0.13165868058988442,0
sensor_420,0.13075850432360617,0
sensor_73,0.1305448339939366,0
sensor_341,0.12970442090549816,0
sensor_161,0.12767595661868067,0
sensor_309,0.1263963989617486,0
sensor_477,0.12630030418475102,0
sensor_307,0.12615886749070176,0
sensor_580,0.12576323482788365,0
sensor_145,0.1256355858213648,0
sensor_57,0.12528975941745274,0
sensor_558,0.12423197345522358,0
sensor_345,0.12401023845336512,0
sensor_472,0.12398436427436901,0
sensor_413,0.12238815034486507,0
sensor_467,0.1223292243540344,0
sensor_298,0.12091625657278171,0
sensor_196,0.12084083720235525,0
sensor_563,0.12059886600771674,0
sensor_203,0.12027236535456032,0
sensor_200,0.11907254345784896,0
sensor_579,0.11876009816711582,0
sensor_475,0.11831313783417098,0
sensor_0,0.11814479952149234,0
sensor_367,0.11787495188860234,0
sensor_273,0.11685428446957807,0
sensor_37,0.1165846995425543,0
sensor_423,0.11623581879080391,0
sensor_428,0.11519954494456944,0
sensor_349,0.11512937438543477,0
sensor_197,0.11455171703563875,0
sensor_425,0.11303541862647197,0
sensor_51,0.11159439115453135,0
sensor_94,0.1113930795937162,0
sensor_126,0.11100433397644503,0
sensor_130,0.11066777320986695,0
sensor_300,0.11020227711466792,0
sensor_33,0.10965261188321676,0
sensor_540,0.10891192617477127,0
sensor_131,0.10808344537851927,0
sensor_486,0.10682927663945112,0
sensor_268,0.10547151618397815,0
sensor_483,0.1049762418825819,0
sensor_567,0.1049584985204411,0
sensor_117,0.10328604235464156,0
sensor_163,0.10299539802049221,0
sensor_384,0.1022628198103347,0
sensor_253,0.10185580510305547,0
sensor_586,0.10064207504613208,0
sensor_95,0.10006394780130687,0
sensor_525,0.09817458299844406,0
sensor_137,0.09810848922912033,0
sensor_551,0.09773025856736176,0
sensor_155,0.09596060978515666,0
sensor_32,0.09595273398529745,0
sensor_136,0.09491903185068881,0
sensor_9,0.09401043768768194,0
sensor_368,0.09323300406917245,0
sensor_496,0.09292989226135279,0
sensor_44,0.09279141772623822,0
sensor_469,0.09271046727650163,0
sensor_20,0.09210128509408495,0
sensor_165,0.09172855178595352,0
sensor_68,0.09167528234919206,0
sensor_418,0.09035095178216333,0
sensor_246,0.08981903259392228,0
sensor_361,0.08922217097065284,0
sensor_419,0.08874156896923939,0
sensor_109,0.08813903229164329,0
sensor_518,0.08757152117979307,0
sensor_91,0.08738592407747715,0
sensor_382,0.08664915584223798,0
sensor_81,0.08547699619831267,0
sensor_156,0.08537287359551828,0
sensor_244,0.08532257937081295,0
sensor_410,0.08527636290914883,0
sensor_516,0.08491719936038929,0
sensor_409,0.08418511271882814,0
sensor_272,0.0841642989889541,0
sensor_209,0.08407216095457498,0
sensor_478,0.08407216095457495,0
sensor_206,0.08407216095457493,0
sensor_342,0.0840721609545749,0
sensor_347,0.08407216095457488,0
sensor_74,0.08407216095457486,0
sensor_429,0.0829681516208022,0
sensor_252,0.0826571074359781,0
sensor_390,0.08265292268791187,0
sensor_120,0.08094975746480468,0
sensor_339,0.08085803805448531,0
sensor_216,0.08018138786881625,0
sensor_588,0.07962117965869765,0
sensor_587,0.07898335721840781,0
sensor_104,0.0779228322870453,0
sensor_500,0.0778151715121571,0
sensor_271,0.07712925294470155,0
sensor_291,0.07695094192012046,0
sensor_88,0.0767904437965064,0
sensor_332,0.07642508544234812,0
sensor_493,0.07642164406693859,0
sensor_524,0.07538741498556806,0
sensor_521,0.0753660452249641,0
sensor_99,0.07536433756409111,0
sensor_223,0.07501006565207856,0
sensor_238,0.0737657984944097,0
sensor_352,0.07376098188271613,0
sensor_495,0.0735870976566907,0
sensor_39,0.07318423338934045,0
sensor_119,0.07203668335218687,0
sensor_511,0.07183857984134506,0
sensor_333,0.07181735846365245,0
sensor_565,0.07079943322238115,0
sensor_376,0.07045718096897471,0
sensor_102,0.07029361405764004,0
sensor_35,0.06790821910949836,0
sensor_214,0.067807079492836,0
sensor_479,0.06779296444686744,0
sensor_12,0.0672385980869895,0
sensor_488,0.06640728442134237,0
sensor_281,0.06557450838627889,0
sensor_557,0.06487418899935457,0
sensor_343,0.06471001329302951,0
sensor_67,0.06421566127885457,0
sensor_221,0.06411298515033992,0
sensor_471,0.06331565683393973,0
sensor_1,0.060740587453523634,0
sensor_406,0.059791847454286805,0
sensor_75,0.059723969296859254,0
sensor_560,0.05852082638477947,0
sensor_185,0.05804116208203959,0
sensor_321,0.05763236066425914,0
sensor_584,0.05743733931035758,0
sensor_207,0.05742756498166563,0
sensor_19,0.056942211275762454,0
sensor_116,0.0556057393902368,0
sensor_15,0.055518733815194884,0
sensor_154,0.055278556415780424,0
sensor_64,0.052396072767969995,0
sensor_457,0.05231835896951094,0
sensor_150,0.05224896205688566,0
sensor_582,0.05020960149147147,0
sensor_427,0.04953574108780184,0
sensor_225,0.04920218568898554,0
sensor_360,0.048734499601923977,0
sensor_199,0.048418335182045566,0
sensor_16,0.04810610719888659,0
sensor_456,0.04735095447894154,0
sensor_65,0.04733610198978585,0
sensor_285,0.046483822054289796,0
sensor_184,0.04637606332467319,0
sensor_289,0.04574840335630899,0
sensor_585,0.04477409338423595,0
sensor_340,0.04474187625632838,0
sensor_135,0.04450746210416261,0
sensor_583,0.04423731813007204,0
sensor_222,0.04417046142625075,0
sensor_494,0.04345350265273888,0
sensor_152,0.04342011836921233,0
sensor_287,0.04255170275063003,0
sensor_541,0.04092995621643852,0
sensor_176,0.040423273286770416,0
sensor_290,0.03990634097272419,0
sensor_18,0.039779566731523906,0
sensor_84,0.038417920295948704,0
sensor_589,0.038212838950163655,0
sensor_363,0.03782877290977897,0
sensor_408,0.03648543745602799,0
sensor_386,0.03645582392349741,0
sensor_520,0.035023987411817246,0
sensor_286,0.0337632556091109,0
sensor_570,0.03261888924996002,0
sensor_447,0.03206952524888963,0
sensor_101,0.0316481526096362,0
sensor_489,0.031269942446795,0
sensor_248,0.029452746320359942,0
sensor_424,0.029308604592941018,0
sensor_311,0.028393765622351526,0
sensor_497,0.027783137999428206,0
sensor_204,0.027170570117313178,0
sensor_107,0.02673300062901547,0
sensor_499,0.026612314122024826,0
sensor_561,0.026099887567160886,0
sensor_336,0.025607741867355024,0
sensor_335,0.02556338785206969,0
sensor_23,0.023210243772340152,0
sensor_320,0.02232635589164729,0
sensor_151,0.021464039937959936,0
sensor_578,0.02022905063988032,0
sensor_324,0.019337805778223985,0
sensor_148,0.018693546299194834,0
sensor_283,0.01826780207573225,0
sensor_188,0.015209030333959827,0
sensor_407,0.014840024965882985,0
sensor_389,0.014194616304265127,0
sensor_251,0.01261313202259524,0
sensor_249,0.012607822057392002,0
sensor_387,0.012485278453087216,0
sensor_432,0.011279571781548035,0
sensor_224,0.011144452092876511,0
sensor_98,0.010943038379654626,0
sensor_421,0.01093474968846209,0
sensor_523,0.010838121950406798,0
sensor_125,0.009827630672865432,0
sensor_359,0.009481861366933677,0
sensor_575,0.007822359048906989,0
sensor_34,0.007749739967714091,0
sensor_36,0.007746571422429927,0
sensor_55,0.007137686533631922,0
sensor_573,0.006693607413574396,0
sensor_310,0.0064974560939987215,0
sensor_146,0.005506134229168038,0
sensor_269,0.005385973337527579,0
sensor_362,0.005352702169627221,0
sensor_114,0.005078285049412035,0
sensor_482,0.004617979336474675,0
sensor_559,0.0036150468159415043,0
sensor_47,0.0016279196954539564,0
sensor_149,0.0,0
sensor_394,0.0,0
sensor_537,0.0,0
sensor_536,0.0,0
sensor_369,0.0,0
sensor_42,0.0,0
sensor_538,0.0,0
sensor_370,0.0,0
sensor_374,0.0,0
sensor_371,0.0,0
sensor_372,0.0,0
sensor_373,0.0,0
sensor_379,0.0,0
sensor_378,0.0,0
sensor_375,0.0,0
sensor_381,0.0,0
sensor_380,0.0,0
sensor_396,0.0,0
sensor_395,0.0,0
sensor_13,0.0,0
sensor_364,0.0,0
sensor_226,0.0,0
sensor_276,0.0,0
sensor_284,0.0,0
sensor_400,0.0,0
sensor_399,0.0,0
sensor_398,0.0,0
sensor_397,0.0,0
sensor_404,0.0,0
sensor_403,0.0,0
sensor_402,0.0,0
sensor_401,0.0,0
sensor_259,0.0,0
sensor_260,0.0,0
sensor_466,0.0,0
sensor_258,0.0,0
sensor_458,0.0,0
sensor_449,0.0,0
sensor_450,0.0,0
sensor_451,0.0,0
sensor_178,0.0,0
sensor_463,0.0,0
sensor_464,0.0,0
sensor_461,0.0,0
sensor_465,0.0,0
sensor_256,0.0,0
sensor_257,0.0,0
sensor_97,0.0,0
sensor_330,0.0,0
sensor_414,0.0,0
sensor_422,0.0,0
sensor_141,0.0,0
sensor_326,0.0,0
sensor_194,0.0,0
sensor_193,0.0,0
sensor_192,0.0,0
sensor_191,0.0,0
sensor_190,0.0,0
sensor_189,0.0,0
sensor_186,0.0,0
sensor_264,0.0,0
sensor_179,0.0,0
sensor_325,0.0,0
sensor_266,0.0,0
sensor_263,0.0,0
sensor_265,0.0,0
sensor_261,0.0,0
sensor_262,0.0,0
sensor_462,0.0,0
sensor_502,0.0,0
sensor_504,0.0,0
sensor_505,0.0,0
sensor_508,0.0,0
sensor_509,0.0,0
sensor_506,0.0,0
sensor_507,0.0,0
sensor_503,0.0,0
sensor_328,0.0,0
sensor_69,0.0,0
sensor_481,0.0,0
sensor_498,0.0,0
sensor_501,0.0,0
sensor_329,0.0,0
sensor_327,0.0,0
sensor_531,0.0,0
sensor_530,0.0,0
sensor_529,0.0,0
sensor_528,0.0,0
sensor_514,0.0,0
sensor_515,0.0,0
sensor_512,0.0,0
sensor_513,0.0,0
sensor_49,0.0,0
sensor_533,0.0,0
sensor_534,0.0,0
sensor_313,0.0,0
sensor_315,0.0,0
sensor_314,0.0,0
sensor_535,0.0,0
sensor_532,0.0,0
sensor_52,0.0,0
sensor_322,0.0,0
sensor_230,0.0,0
sensor_229,0.0,0
sensor_232,0.0,0
sensor_233,0.0,0
sensor_234,0.0,0
sensor_231,0.0,0
sensor_235,0.0,0
sensor_236,0.0,0
sensor_240,0.0,0
sensor_237,0.0,0
sensor_241,0.0,0
sensor_242,0.0,0
sensor_243,0.0,0
sensor_5,0.0,0
